{
  "controller/BaseController.js": 1682091125582,
  "controller/ProductList.controller.js": 1682091126978,
  "model/models.js": 1682090940204,
  "manifest.json": 1682095033108,
  "controller/ProductDetail.controller.js": 1682091125670,
  "controller/CartList.controller.js": 1682091125622,
  "controller/CartDetail.controller.js": 1682091125666,
  "i18n/i18n.properties": 1682090940196,
  "controller/App.controller.js": 1682091127734,
  "Component.js": 1682090940196,
  "Component-preload.js": 1682095033638,
  "controller/BaseController-dbg.js": 1682091125582,
  "controller/ProductList-dbg.controller.js": 1682091126978,
  "controller/ProductDetail-dbg.controller.js": 1682091125670,
  "controller/CartList-dbg.controller.js": 1682091125622,
  "controller/CartDetail-dbg.controller.js": 1682091125666,
  "model/models-dbg.js": 1682090940204,
  "controller/App-dbg.controller.js": 1682091127734,
  "Component-dbg.js": 1682090940196,
  "view/ProductList.view.xml": 1682091155714,
  "view/ProductDetailDisplay.fragment.xml": 1682091345828,
  "view/ProductDetailChange.fragment.xml": 1682091345824,
  "view/ProductDetail.view.xml": 1682091153898,
  "view/NewCartDialog.fragment.xml": 1682091345824,
  "view/Menu.fragment.xml": 1682091345824,
  "view/CartList.view.xml": 1682091153898,
  "view/CartDetailDisplay.fragment.xml": 1682091345824,
  "view/CartDetailChange.fragment.xml": 1682091345824,
  "view/CartDetail.view.xml": 1682091153954,
  "view/App.view.xml": 1682091156938,
  "css/style.css": 1682090940204,
  "index.html": 1682090940196
}